-- ============================================================================
-- Personas — pickable in the demo's PersonaPicker.
-- created_at spread across past months so "member since" feels real.
-- ============================================================================
insert into users (id, tg_id, username, first_name, is_admin, created_at) values
  ('00000000-0000-0000-0000-000000000001', 111, 'oleksandr_admin', 'Олександр', true,  '2025-08-12 09:00:00+02'),
  ('00000000-0000-0000-0000-000000000002', 222, 'maria_member',    'Марія',     false, '2025-11-04 18:30:00+02'),
  ('00000000-0000-0000-0000-000000000003', 333, 'pavlo_member',    'Павло',     false, '2026-02-19 12:15:00+02');

-- ============================================================================
-- Shadow community members — not pickable, but they show up in RSVP avatars,
-- comments, and the admin /members view so the calendar looks like a real
-- community. Varied join dates for "член з …" texture.
-- ============================================================================
insert into users (id, tg_id, username, first_name, is_admin, created_at) values
  ('00000000-0000-0000-0000-000000000010', 1010, 'andriy_k',     'Андрій',   false, '2025-09-22 10:00:00+02'),
  ('00000000-0000-0000-0000-000000000011', 1011, 'iryna_p',      'Ірина',    false, '2025-10-08 14:25:00+02'),
  ('00000000-0000-0000-0000-000000000012', 1012, 'dmytro_t',     'Дмитро',   false, '2025-12-01 09:40:00+02'),
  ('00000000-0000-0000-0000-000000000013', 1013, 'natalia_m',    'Наталія',  false, '2026-01-14 11:00:00+02'),
  ('00000000-0000-0000-0000-000000000014', 1014, 'sergiy_b',     'Сергій',   false, '2025-07-30 16:00:00+02'),
  ('00000000-0000-0000-0000-000000000015', 1015, 'olena_sh',     'Олена',    false, '2026-03-02 19:20:00+02'),
  ('00000000-0000-0000-0000-000000000016', 1016, 'yulia_k',      'Юлія',     false, '2026-04-11 08:45:00+02'),
  ('00000000-0000-0000-0000-000000000017', 1017, 'bohdan_l',     'Богдан',   false, '2025-06-15 12:00:00+02'),
  ('00000000-0000-0000-0000-000000000018', 1018, 'kateryna_i',   'Катерина', false, '2025-10-29 13:10:00+02'),
  ('00000000-0000-0000-0000-000000000019', 1019, 'vitaliy_h',    'Віталій',  true,  '2025-05-04 09:30:00+02'),
  ('00000000-0000-0000-0000-00000000001a', 1020, 'anton_ya',     'Антон',    true,  '2025-08-22 17:55:00+02'),
  ('00000000-0000-0000-0000-00000000001b', 1021, 'olena_m',      'Олена М.', false, '2025-07-08 15:00:00+02'),
  ('00000000-0000-0000-0000-00000000001c', 1022, 'taras_h',      'Тарас',    false, '2026-02-26 10:30:00+02'),
  ('00000000-0000-0000-0000-00000000001d', 1023, 'anna_z',       'Анна',     false, '2026-04-30 21:15:00+02'),
  ('00000000-0000-0000-0000-00000000001e', 1024, 'roman_d',      'Роман',    false, '2025-12-19 11:45:00+02');

-- ============================================================================
-- Events — May 2026 calendar, verbatim from the UA WELL community feed.
-- IDs are deterministic so seed RSVPs/comments can reference them.
-- ============================================================================

-- 1. 🔵 02.05–09.05 Яхтинг Греція
insert into events (id, creator_id, title, description, location, starts_at, ends_at, type, capacity, image_url) values (
  '11111111-1111-1111-1111-000000000001',
  '00000000-0000-0000-0000-000000000001',
  'Яхтинг Греція',
  'Тиждень у одному з найкращих регіонів для яхтингу: спокійні води, мальовничі острови, затишні бухти та атмосферні грецькі містечка. 🛥🏝',
  'Саронічна затока, Греція',
  '2026-05-02 12:00:00+02', '2026-05-09 18:00:00+02',
  'trip', 8,
  'events/sailing.jpg'
);

-- 2. 🟠 04.05 (пн) 17:00 Фрайбург
insert into events (id, creator_id, title, description, location, starts_at, ends_at, type, capacity, image_url) values (
  '11111111-1111-1111-1111-000000000002',
  '00000000-0000-0000-0000-000000000001',
  'Networking та Mastermind — Фрайбург',
  'Networking та Mastermind з потенційними учасниками UA WELL. Прокачай свій бізнес за 4 години разом з 20 власниками бізнесу. Знайомства, що відкривають можливості.',
  'Фрайбург',
  '2026-05-04 17:00:00+02', '2026-05-04 21:00:00+02',
  'offline', 12,
  'events/04.05.jpg'
);

-- 3. 🟢 06.05 (ср) 18:00 Online — Vielleicht Vielleicht
insert into events (id, creator_id, title, description, location, starts_at, ends_at, type, capacity, image_url) values (
  '11111111-1111-1111-1111-000000000003',
  '00000000-0000-0000-0000-000000000001',
  'Vielleicht Vielleicht: продаємо собі Німеччину',
  E'Online групова сесія стратегічного оптимізму.\nМодератор: Олександра Коваленко, психотерапевтка, сертифікований коуч.\n\nЗустріч, після якої ваші "ні" ❌ перетворяться на "може бути" ✅. Для тих, хто будує життя в Німеччині і хоче знайти в цьому свій сенс. 🔑',
  'Online',
  '2026-05-06 18:00:00+02', '2026-05-06 19:30:00+02',
  'online', 100,
  'events/06.05.jpg'
);

-- 4. 🟠 07.05 (чт) 17:00 Штутгарт
insert into events (id, creator_id, title, description, location, starts_at, ends_at, type, capacity, image_url) values (
  '11111111-1111-1111-1111-000000000004',
  '00000000-0000-0000-0000-000000000001',
  'Workshop — «Стратегії в бізнесі»',
  E'Спікер: Віталій Горбань.\n\nБрейн-штормінг, де кожен буде включений в процес створення бізнес-стратегії для одного з учасників зустрічі.\n\n👋 Приходь, щоб пропрацювати стратегію твого бізнесу або допомогти колегам по Community.',
  'Штутгарт',
  '2026-05-07 17:00:00+02', '2026-05-07 20:00:00+02',
  'offline', 20,
  'events/07.05.jpg'
);

-- 5. 🟠 09.05 (сб) 13:00 м. Ульм
insert into events (id, creator_id, title, description, location, starts_at, ends_at, type, capacity, image_url) values (
  '11111111-1111-1111-1111-000000000005',
  '00000000-0000-0000-0000-000000000001',
  'Трансформаційна гра «Успішні рішення»',
  E'🎲🧘‍♀️ Трансформаційна гра з Оленою Марчук. Для тих, у кого є ціль, але вона не реалізується.\n\n🔎 Гра допоможе:\n • знайти рівень, де виник блок\n • зрозуміти справжню причину труднощів\n • прийняти цілісне рішення без внутрішнього конфлікту\n • зробити усвідомлений крок, який справді працює.\n\n❗️ Кількість місць обмежена ❗️',
  'м. Ульм',
  '2026-05-09 13:00:00+02', '2026-05-09 17:00:00+02',
  'offline', 10,
  'events/09.05.jpg'
);

-- 6. 🟢 11.05 (пн) 18:00 Online — Аналіз ніші (TOMORROW relative to mock today)
insert into events (id, creator_id, title, description, location, starts_at, ends_at, type, capacity, image_url) values (
  '11111111-1111-1111-1111-000000000006',
  '00000000-0000-0000-0000-000000000001',
  'Аналіз ніші та конкурентів',
  E'Як зрозуміти, що реально працює у маркетингу.\nСпікер: Антон Ященко — Online Marketing Manager та YouTube-creator, засновник відеопродакшену.\n\nТи дізнаєшся:\n🔹 як проводити глибокий аналіз ніші та конкурентів і приймати рішення на основі фактів\n🔹 як створити таблицю аналізу для побудови маркетингової стратегії\n🔹 як обрати ефективні платформи та розставити пріоритети в просуванні\n🔹 як аналізувати рекламу, сайти та соцмережі конкурентів\n🔹 як знаходити працюючі формати й точки росту для свого бізнесу.\n\nНа лекції ми не лише розберемо теорію, а й разом заповнимо таблицю, яка допоможе зрозуміти:\n— де бути присутнім\n— що і як часто публікувати\n— куди вкладати ресурси.\n\n🎁 Бонус: розіграш розбору ніші одного з учасників з практичними рекомендаціями.',
  'Online',
  '2026-05-11 18:00:00+02', '2026-05-11 20:00:00+02',
  'online', 100,
  'events/11.05.jpg'
);

-- 7. 🟠 13.05 (ср) 17:00 Нюрнберг
insert into events (id, creator_id, title, description, location, starts_at, ends_at, type, capacity, image_url) values (
  '11111111-1111-1111-1111-000000000007',
  '00000000-0000-0000-0000-000000000001',
  'Networking та Mastermind — Нюрнберг',
  'Networking та Mastermind з потенційними учасниками UA WELL.',
  'Нюрнберг',
  '2026-05-13 17:00:00+02', '2026-05-13 21:00:00+02',
  'offline', 12,
  'events/13.05.jpg'
);

-- 8. 🟠 15.05 (пт) 17:00 Фрідріхсхафен
insert into events (id, creator_id, title, description, location, starts_at, ends_at, type, capacity, image_url) values (
  '11111111-1111-1111-1111-000000000008',
  '00000000-0000-0000-0000-000000000001',
  'Mastermind — Фрідріхсхафен',
  'Зустріч підприємців в форматі розбору бізнес-кейсів учасників, на котрій ви знайдете відповідь на свій бізнес-запит, нові ідеї та нестандартні рішення.',
  'Фрідріхсхафен',
  '2026-05-15 17:00:00+02', '2026-05-15 21:00:00+02',
  'offline', 12,
  'events/15.05.jpg'
);

-- 9. 🟠 16.05 (сб) 10:00 Велотур
insert into events (id, creator_id, title, description, location, starts_at, ends_at, type, capacity, image_url) values (
  '11111111-1111-1111-1111-000000000009',
  '00000000-0000-0000-0000-000000000001',
  'Велотур Ендерсбах — Шондорф',
  E'🚴‍♀️ Є маршрути про кілометри, а є маршрути про внутрішній стан. Цей тур — саме про те, щоб відпустити все зайве.\n\nМи вирушаємо з Ендерсбаха до затишного старовинного Шондорфа, де відчувається спокій і особлива німецька розміреність.\n\n📍 Приблизна дистанція: 40 км туди й назад (плюс-мінус)\n⏱️ Час в дорозі: 1,5–2 години в одну сторону, спокійним темпом\n🌿 Маршрут пройде через зелені дороги, виноградники та поля.\n\n⚠️ Уточнення: маршрут орієнтовний і буде остаточно сформований ближче до дати події. Він враховуватиме підготовку учасників і зручний спосіб добирання. Є можливість оренди електричних велобайків.',
  'Ендерсбах → Шондорф',
  '2026-05-16 10:00:00+02', '2026-05-16 14:00:00+02',
  'offline', 15,
  'events/16.05.jpg'
);

-- 10. 🟠 18.05 (пн) 17:00 Мюнхен
insert into events (id, creator_id, title, description, location, starts_at, ends_at, type, capacity, image_url) values (
  '11111111-1111-1111-1111-00000000000a',
  '00000000-0000-0000-0000-000000000001',
  'Networking та Mastermind — Мюнхен',
  'Networking та Mastermind з потенційними учасниками UA WELL.',
  'Мюнхен',
  '2026-05-18 17:00:00+02', '2026-05-18 21:00:00+02',
  'offline', 12,
  'events/18.05.jpg'
);

-- 11. 🟢 20.05 (ср) 18:00 Online — AI кейси
insert into events (id, creator_id, title, description, location, starts_at, ends_at, type, capacity, image_url) values (
  '11111111-1111-1111-1111-00000000000b',
  '00000000-0000-0000-0000-000000000001',
  'Розбір бізнес-кейсів: AI та автоматизація',
  E'Разом з IT-експертами.\n\nТебе чекає:\n🔹 5 експертів в сфері IT (учасники UA WELL Community)\n🔹 3 бізнес-кейси учасників, які потребують автоматизації або впровадження AI\n🔹 розбір кожного кейсу в форматі: проблема → рішення → результат\n🔹 різні підходи від IT-експертів\n🔹 можливість побачити, як технології можуть оптимізувати процеси та збільшити прибуток.\n\nЯк це проходить:\n▪️ власник бізнесу презентує свій кейс і запит\n▪️ IT-експерти пропонують варіанти реалізації\n▪️ ти бачиш, які інструменти працюють і що вони дають бізнесу.\n\n👉 Це можливість:\n— отримати нові ідеї для свого бізнесу\n— подивитися на AI не як на тренд, а як на інструмент.\n\nПриймаємо заявки на участь в розборі.',
  'Online',
  '2026-05-20 18:00:00+02', '2026-05-20 20:00:00+02',
  'online', 100,
  'events/20.05.jpg'
);

-- ============================================================================
-- RSVPs — distributed across events so cards show realistic fill levels.
-- Counts:
--   1 Яхтинг (cap 8):                7 going (past)
--   2 Фрайбург (cap 12):             9 going (past)
--   3 Vielleicht (cap 100):         14 going (past)
--   4 Штутгарт workshop (cap 20):   12 going (past)
--   5 Гра Ульм (cap 10):             8 going (past)
--   6 Аналіз ніші (cap 100):        16 going (TOMORROW — buzz!)
--   7 Нюрнберг (cap 12):             6 going (future)
--   8 Фрідріхсхафен (cap 12):        8 going (future)
--   9 Велотур (cap 15):             11 going (future)
--  10 Мюнхен (cap 12):               5 going (future)
--  11 AI кейси (cap 100):           13 going (future)
-- ============================================================================
insert into rsvps (event_id, user_id, status) values
  -- 1. Яхтинг (7/8)
  ('11111111-1111-1111-1111-000000000001', '00000000-0000-0000-0000-000000000001', 'going'),
  ('11111111-1111-1111-1111-000000000001', '00000000-0000-0000-0000-000000000010', 'going'),
  ('11111111-1111-1111-1111-000000000001', '00000000-0000-0000-0000-000000000011', 'going'),
  ('11111111-1111-1111-1111-000000000001', '00000000-0000-0000-0000-000000000014', 'going'),
  ('11111111-1111-1111-1111-000000000001', '00000000-0000-0000-0000-000000000017', 'going'),
  ('11111111-1111-1111-1111-000000000001', '00000000-0000-0000-0000-00000000001c', 'going'),
  ('11111111-1111-1111-1111-000000000001', '00000000-0000-0000-0000-00000000001e', 'going'),

  -- 2. Фрайбург (9/12)
  ('11111111-1111-1111-1111-000000000002', '00000000-0000-0000-0000-000000000001', 'going'),
  ('11111111-1111-1111-1111-000000000002', '00000000-0000-0000-0000-000000000002', 'going'),
  ('11111111-1111-1111-1111-000000000002', '00000000-0000-0000-0000-000000000010', 'going'),
  ('11111111-1111-1111-1111-000000000002', '00000000-0000-0000-0000-000000000012', 'going'),
  ('11111111-1111-1111-1111-000000000002', '00000000-0000-0000-0000-000000000013', 'going'),
  ('11111111-1111-1111-1111-000000000002', '00000000-0000-0000-0000-000000000015', 'going'),
  ('11111111-1111-1111-1111-000000000002', '00000000-0000-0000-0000-000000000018', 'going'),
  ('11111111-1111-1111-1111-000000000002', '00000000-0000-0000-0000-000000000019', 'going'),
  ('11111111-1111-1111-1111-000000000002', '00000000-0000-0000-0000-00000000001d', 'going'),

  -- 3. Vielleicht (14/100)
  ('11111111-1111-1111-1111-000000000003', '00000000-0000-0000-0000-000000000002', 'going'),
  ('11111111-1111-1111-1111-000000000003', '00000000-0000-0000-0000-000000000003', 'going'),
  ('11111111-1111-1111-1111-000000000003', '00000000-0000-0000-0000-000000000010', 'going'),
  ('11111111-1111-1111-1111-000000000003', '00000000-0000-0000-0000-000000000011', 'going'),
  ('11111111-1111-1111-1111-000000000003', '00000000-0000-0000-0000-000000000013', 'going'),
  ('11111111-1111-1111-1111-000000000003', '00000000-0000-0000-0000-000000000014', 'going'),
  ('11111111-1111-1111-1111-000000000003', '00000000-0000-0000-0000-000000000015', 'going'),
  ('11111111-1111-1111-1111-000000000003', '00000000-0000-0000-0000-000000000016', 'going'),
  ('11111111-1111-1111-1111-000000000003', '00000000-0000-0000-0000-000000000017', 'going'),
  ('11111111-1111-1111-1111-000000000003', '00000000-0000-0000-0000-000000000018', 'going'),
  ('11111111-1111-1111-1111-000000000003', '00000000-0000-0000-0000-00000000001a', 'going'),
  ('11111111-1111-1111-1111-000000000003', '00000000-0000-0000-0000-00000000001b', 'going'),
  ('11111111-1111-1111-1111-000000000003', '00000000-0000-0000-0000-00000000001c', 'going'),
  ('11111111-1111-1111-1111-000000000003', '00000000-0000-0000-0000-00000000001d', 'going'),

  -- 4. Штутгарт workshop (12/20)
  ('11111111-1111-1111-1111-000000000004', '00000000-0000-0000-0000-000000000001', 'going'),
  ('11111111-1111-1111-1111-000000000004', '00000000-0000-0000-0000-000000000003', 'going'),
  ('11111111-1111-1111-1111-000000000004', '00000000-0000-0000-0000-000000000010', 'going'),
  ('11111111-1111-1111-1111-000000000004', '00000000-0000-0000-0000-000000000012', 'going'),
  ('11111111-1111-1111-1111-000000000004', '00000000-0000-0000-0000-000000000014', 'going'),
  ('11111111-1111-1111-1111-000000000004', '00000000-0000-0000-0000-000000000016', 'going'),
  ('11111111-1111-1111-1111-000000000004', '00000000-0000-0000-0000-000000000017', 'going'),
  ('11111111-1111-1111-1111-000000000004', '00000000-0000-0000-0000-000000000018', 'going'),
  ('11111111-1111-1111-1111-000000000004', '00000000-0000-0000-0000-000000000019', 'going'),
  ('11111111-1111-1111-1111-000000000004', '00000000-0000-0000-0000-00000000001c', 'going'),
  ('11111111-1111-1111-1111-000000000004', '00000000-0000-0000-0000-00000000001d', 'going'),
  ('11111111-1111-1111-1111-000000000004', '00000000-0000-0000-0000-00000000001e', 'going'),

  -- 5. Гра Ульм (8/10)
  ('11111111-1111-1111-1111-000000000005', '00000000-0000-0000-0000-000000000002', 'going'),
  ('11111111-1111-1111-1111-000000000005', '00000000-0000-0000-0000-000000000011', 'going'),
  ('11111111-1111-1111-1111-000000000005', '00000000-0000-0000-0000-000000000013', 'going'),
  ('11111111-1111-1111-1111-000000000005', '00000000-0000-0000-0000-000000000015', 'going'),
  ('11111111-1111-1111-1111-000000000005', '00000000-0000-0000-0000-000000000016', 'going'),
  ('11111111-1111-1111-1111-000000000005', '00000000-0000-0000-0000-000000000018', 'going'),
  ('11111111-1111-1111-1111-000000000005', '00000000-0000-0000-0000-00000000001b', 'going'),
  ('11111111-1111-1111-1111-000000000005', '00000000-0000-0000-0000-00000000001d', 'going'),

  -- 6. Аналіз ніші (16/100) — tomorrow, lots of buzz
  ('11111111-1111-1111-1111-000000000006', '00000000-0000-0000-0000-000000000002', 'going'),
  ('11111111-1111-1111-1111-000000000006', '00000000-0000-0000-0000-000000000003', 'going'),
  ('11111111-1111-1111-1111-000000000006', '00000000-0000-0000-0000-000000000010', 'going'),
  ('11111111-1111-1111-1111-000000000006', '00000000-0000-0000-0000-000000000011', 'going'),
  ('11111111-1111-1111-1111-000000000006', '00000000-0000-0000-0000-000000000012', 'going'),
  ('11111111-1111-1111-1111-000000000006', '00000000-0000-0000-0000-000000000013', 'going'),
  ('11111111-1111-1111-1111-000000000006', '00000000-0000-0000-0000-000000000014', 'going'),
  ('11111111-1111-1111-1111-000000000006', '00000000-0000-0000-0000-000000000015', 'going'),
  ('11111111-1111-1111-1111-000000000006', '00000000-0000-0000-0000-000000000016', 'going'),
  ('11111111-1111-1111-1111-000000000006', '00000000-0000-0000-0000-000000000017', 'going'),
  ('11111111-1111-1111-1111-000000000006', '00000000-0000-0000-0000-000000000018', 'going'),
  ('11111111-1111-1111-1111-000000000006', '00000000-0000-0000-0000-000000000019', 'going'),
  ('11111111-1111-1111-1111-000000000006', '00000000-0000-0000-0000-00000000001a', 'going'),
  ('11111111-1111-1111-1111-000000000006', '00000000-0000-0000-0000-00000000001c', 'going'),
  ('11111111-1111-1111-1111-000000000006', '00000000-0000-0000-0000-00000000001d', 'going'),
  ('11111111-1111-1111-1111-000000000006', '00000000-0000-0000-0000-00000000001e', 'going'),

  -- 7. Нюрнберг (6/12) — future
  ('11111111-1111-1111-1111-000000000007', '00000000-0000-0000-0000-000000000010', 'going'),
  ('11111111-1111-1111-1111-000000000007', '00000000-0000-0000-0000-000000000012', 'going'),
  ('11111111-1111-1111-1111-000000000007', '00000000-0000-0000-0000-000000000014', 'going'),
  ('11111111-1111-1111-1111-000000000007', '00000000-0000-0000-0000-000000000016', 'going'),
  ('11111111-1111-1111-1111-000000000007', '00000000-0000-0000-0000-000000000019', 'going'),
  ('11111111-1111-1111-1111-000000000007', '00000000-0000-0000-0000-00000000001d', 'going'),

  -- 8. Фрідріхсхафен (8/12) — future
  ('11111111-1111-1111-1111-000000000008', '00000000-0000-0000-0000-000000000003', 'going'),
  ('11111111-1111-1111-1111-000000000008', '00000000-0000-0000-0000-000000000011', 'going'),
  ('11111111-1111-1111-1111-000000000008', '00000000-0000-0000-0000-000000000012', 'going'),
  ('11111111-1111-1111-1111-000000000008', '00000000-0000-0000-0000-000000000013', 'going'),
  ('11111111-1111-1111-1111-000000000008', '00000000-0000-0000-0000-000000000015', 'going'),
  ('11111111-1111-1111-1111-000000000008', '00000000-0000-0000-0000-000000000017', 'going'),
  ('11111111-1111-1111-1111-000000000008', '00000000-0000-0000-0000-000000000019', 'going'),
  ('11111111-1111-1111-1111-000000000008', '00000000-0000-0000-0000-00000000001c', 'going'),

  -- 9. Велотур (11/15) — future
  ('11111111-1111-1111-1111-000000000009', '00000000-0000-0000-0000-000000000002', 'going'),
  ('11111111-1111-1111-1111-000000000009', '00000000-0000-0000-0000-000000000010', 'going'),
  ('11111111-1111-1111-1111-000000000009', '00000000-0000-0000-0000-000000000011', 'going'),
  ('11111111-1111-1111-1111-000000000009', '00000000-0000-0000-0000-000000000013', 'going'),
  ('11111111-1111-1111-1111-000000000009', '00000000-0000-0000-0000-000000000014', 'going'),
  ('11111111-1111-1111-1111-000000000009', '00000000-0000-0000-0000-000000000015', 'going'),
  ('11111111-1111-1111-1111-000000000009', '00000000-0000-0000-0000-000000000016', 'going'),
  ('11111111-1111-1111-1111-000000000009', '00000000-0000-0000-0000-000000000017', 'going'),
  ('11111111-1111-1111-1111-000000000009', '00000000-0000-0000-0000-000000000018', 'going'),
  ('11111111-1111-1111-1111-000000000009', '00000000-0000-0000-0000-00000000001c', 'going'),
  ('11111111-1111-1111-1111-000000000009', '00000000-0000-0000-0000-00000000001e', 'going'),

  -- 10. Мюнхен (5/12) — future
  ('11111111-1111-1111-1111-00000000000a', '00000000-0000-0000-0000-000000000012', 'going'),
  ('11111111-1111-1111-1111-00000000000a', '00000000-0000-0000-0000-000000000014', 'going'),
  ('11111111-1111-1111-1111-00000000000a', '00000000-0000-0000-0000-000000000016', 'going'),
  ('11111111-1111-1111-1111-00000000000a', '00000000-0000-0000-0000-000000000019', 'going'),
  ('11111111-1111-1111-1111-00000000000a', '00000000-0000-0000-0000-00000000001d', 'going'),

  -- 11. AI кейси (13/100) — future
  ('11111111-1111-1111-1111-00000000000b', '00000000-0000-0000-0000-000000000003', 'going'),
  ('11111111-1111-1111-1111-00000000000b', '00000000-0000-0000-0000-000000000010', 'going'),
  ('11111111-1111-1111-1111-00000000000b', '00000000-0000-0000-0000-000000000012', 'going'),
  ('11111111-1111-1111-1111-00000000000b', '00000000-0000-0000-0000-000000000014', 'going'),
  ('11111111-1111-1111-1111-00000000000b', '00000000-0000-0000-0000-000000000015', 'going'),
  ('11111111-1111-1111-1111-00000000000b', '00000000-0000-0000-0000-000000000016', 'going'),
  ('11111111-1111-1111-1111-00000000000b', '00000000-0000-0000-0000-000000000017', 'going'),
  ('11111111-1111-1111-1111-00000000000b', '00000000-0000-0000-0000-000000000018', 'going'),
  ('11111111-1111-1111-1111-00000000000b', '00000000-0000-0000-0000-000000000019', 'going'),
  ('11111111-1111-1111-1111-00000000000b', '00000000-0000-0000-0000-00000000001a', 'going'),
  ('11111111-1111-1111-1111-00000000000b', '00000000-0000-0000-0000-00000000001c', 'going'),
  ('11111111-1111-1111-1111-00000000000b', '00000000-0000-0000-0000-00000000001d', 'going'),
  ('11111111-1111-1111-1111-00000000000b', '00000000-0000-0000-0000-00000000001e', 'going');

-- A handful of cancellations so the "Скасовано" metric on profiles isn't empty.
insert into rsvps (event_id, user_id, status) values
  ('11111111-1111-1111-1111-000000000007', '00000000-0000-0000-0000-000000000002', 'cancelled'),
  ('11111111-1111-1111-1111-000000000007', '00000000-0000-0000-0000-000000000003', 'cancelled'),
  ('11111111-1111-1111-1111-00000000000a', '00000000-0000-0000-0000-000000000011', 'cancelled'),
  ('11111111-1111-1111-1111-00000000000a', '00000000-0000-0000-0000-00000000001e', 'cancelled'),
  ('11111111-1111-1111-1111-000000000008', '00000000-0000-0000-0000-000000000010', 'cancelled');

-- ============================================================================
-- Comments — chat threads per event. Timestamps anchored to mock today (10.05).
-- ============================================================================
insert into comments (event_id, user_id, body, created_at) values
  -- Яхтинг (past)
  ('11111111-1111-1111-1111-000000000001', '00000000-0000-0000-0000-000000000010', E'Незабутній досвід! Дякую за організацію 🛥', '2026-05-09 19:15:00+02'),
  ('11111111-1111-1111-1111-000000000001', '00000000-0000-0000-0000-000000000011', E'Ще раз — і скоро! 🌊', '2026-05-09 20:42:00+02'),
  ('11111111-1111-1111-1111-000000000001', '00000000-0000-0000-0000-00000000001c', E'Фото з заходу сонця — найкраще 🌅', '2026-05-10 08:30:00+02'),

  -- Фрайбург (past)
  ('11111111-1111-1111-1111-000000000002', '00000000-0000-0000-0000-000000000012', E'Знайомства закрили 2 партнерства за вечір 🤝', '2026-05-04 22:30:00+02'),
  ('11111111-1111-1111-1111-000000000002', '00000000-0000-0000-0000-000000000015', E'Дякую за теплий вечір, всім успіхів!', '2026-05-05 09:11:00+02'),

  -- Vielleicht Vielleicht (past)
  ('11111111-1111-1111-1111-000000000003', '00000000-0000-0000-0000-000000000002', E'Олександро, дякую! Це було потужно 💛', '2026-05-06 19:45:00+02'),
  ('11111111-1111-1111-1111-000000000003', '00000000-0000-0000-0000-000000000013', E'Перевернула моє ставлення до "може бути"', '2026-05-06 20:02:00+02'),
  ('11111111-1111-1111-1111-000000000003', '00000000-0000-0000-0000-000000000017', E'Запис буде доступний?', '2026-05-07 11:20:00+02'),

  -- Штутгарт workshop (past)
  ('11111111-1111-1111-1111-000000000004', '00000000-0000-0000-0000-000000000016', E'Виталію, дякую! Стратегія для мого бізнесу готова 🎯', '2026-05-07 20:30:00+02'),
  ('11111111-1111-1111-1111-000000000004', '00000000-0000-0000-0000-000000000018', E'Найкорисніший воркшоп цього року', '2026-05-08 08:00:00+02'),
  ('11111111-1111-1111-1111-000000000004', '00000000-0000-0000-0000-00000000001c', E'Чекаємо наступний 🙌', '2026-05-08 14:05:00+02'),

  -- Гра Ульм (past, yesterday)
  ('11111111-1111-1111-1111-000000000005', '00000000-0000-0000-0000-000000000002', E'Прийняла важливе рішення завдяки грі. Дякую Олена! 💛', '2026-05-09 18:00:00+02'),
  ('11111111-1111-1111-1111-000000000005', '00000000-0000-0000-0000-000000000015', E'Глибока розмова в кінці варта окремого заходу', '2026-05-09 22:15:00+02'),

  -- Аналіз ніші (TOMORROW — buzz!)
  ('11111111-1111-1111-1111-000000000006', '00000000-0000-0000-0000-000000000010', E'Буду! Дуже чекаю на цю лекцію 🔥', '2026-05-08 14:00:00+02'),
  ('11111111-1111-1111-1111-000000000006', '00000000-0000-0000-0000-000000000013', E'Чи буде запис?', '2026-05-09 09:30:00+02'),
  ('11111111-1111-1111-1111-000000000006', '00000000-0000-0000-0000-000000000017', E'Антоне, привіт! Готую кілька питань', '2026-05-09 16:45:00+02'),
  ('11111111-1111-1111-1111-000000000006', '00000000-0000-0000-0000-00000000001a', E'Запрошуйте друзів — тема актуальна для всіх 👌', '2026-05-10 08:15:00+02'),
  ('11111111-1111-1111-1111-000000000006', '00000000-0000-0000-0000-000000000016', E'Місць ще багато?', '2026-05-10 10:22:00+02'),

  -- Нюрнберг (future)
  ('11111111-1111-1111-1111-000000000007', '00000000-0000-0000-0000-000000000019', E'Перший раз буду на цій локації 🎯', '2026-05-09 17:00:00+02'),
  ('11111111-1111-1111-1111-000000000007', '00000000-0000-0000-0000-000000000012', E'Хто з Праги їде? Шукаю попутника', '2026-05-10 09:00:00+02'),

  -- Фрідріхсхафен (future)
  ('11111111-1111-1111-1111-000000000008', '00000000-0000-0000-0000-000000000015', E'Рік як хотів сюди потрапити 🙌', '2026-05-08 11:30:00+02'),
  ('11111111-1111-1111-1111-000000000008', '00000000-0000-0000-0000-000000000017', E'Хто з Цюріха? Можу підвезти', '2026-05-09 12:15:00+02'),
  ('11111111-1111-1111-1111-000000000008', '00000000-0000-0000-0000-000000000019', E'Привезу свіжий бізнес-кейс на розбір', '2026-05-10 07:45:00+02'),

  -- Велотур (future)
  ('11111111-1111-1111-1111-000000000009', '00000000-0000-0000-0000-000000000014', E'Беру свого електробайка', '2026-05-08 19:00:00+02'),
  ('11111111-1111-1111-1111-000000000009', '00000000-0000-0000-0000-000000000016', E'Чи буде хтось без велосипеда? Можемо орендувати разом', '2026-05-09 10:30:00+02'),
  ('11111111-1111-1111-1111-000000000009', '00000000-0000-0000-0000-000000000010', E'Прогноз погоди обіцяє +18, ідеально 🌞', '2026-05-10 08:00:00+02'),
  ('11111111-1111-1111-1111-000000000009', '00000000-0000-0000-0000-000000000018', E'Я з родиною, можна?', '2026-05-10 11:15:00+02'),

  -- Мюнхен (future)
  ('11111111-1111-1111-1111-00000000000a', '00000000-0000-0000-0000-000000000016', E'Буду вперше, хвилююсь 😊', '2026-05-09 21:00:00+02'),
  ('11111111-1111-1111-1111-00000000000a', '00000000-0000-0000-0000-000000000019', E'Беру 2 нових учасників, чекаємо знайомитись', '2026-05-10 09:45:00+02'),

  -- AI кейси (future)
  ('11111111-1111-1111-1111-00000000000b', '00000000-0000-0000-0000-000000000012', E'Цікавий формат! Хто буде презентувати свій кейс?', '2026-05-08 16:20:00+02'),
  ('11111111-1111-1111-1111-00000000000b', '00000000-0000-0000-0000-00000000001a', E'Тільки для учасників Community чи відкрита?', '2026-05-09 14:00:00+02'),
  ('11111111-1111-1111-1111-00000000000b', '00000000-0000-0000-0000-000000000017', E'Запишусь обовʼязково', '2026-05-10 07:30:00+02'),
  ('11111111-1111-1111-1111-00000000000b', '00000000-0000-0000-0000-000000000015', E'Чекаю на запис, не зможу в живому ефірі 😢', '2026-05-10 10:15:00+02');
